DOB_WK,"Total","Sunday","Monday","Tuesday","Wednesday","Thursday","Friday","Saturday"
"DOB_TT",
"0000",1255,161,148,174,184,199,215,174
"0001",1666,195,198,273,264,243,246,247
"0002",1516,195,198,230,236,236,203,218
"0003",1376,193,160,195,213,207,195,213
"0004",1479,189,204,204,231,212,229,210
"0005",1513,226,183,225,221,213,236,209
"0006",1415,185,170,192,247,201,218,202
"0007",1451,184,185,239,216,229,218,180
"0008",1465,187,188,224,212,218,231,205
"0009",1463,186,178,229,207,218,225,220
"0010",1610,208,199,254,235,246,218,250
"0011",1467,184,180,238,221,200,225,219
"0012",1478,173,192,220,217,194,232,250
"0013",1489,201,198,213,226,209,225,217
"0014",1542,212,194,214,207,240,255,220
"0015",1560,228,187,240,221,222,225,237
"0016",1417,186,196,190,213,219,220,193
"0017",1524,180,191,268,231,213,202,239
"0018",1393,199,175,200,211,193,208,207
"0019",1376,176,177,198,218,196,208,203
"0020",1530,197,197,219,227,230,253,207
"0021",1417,171,182,201,203,229,227,204
"0022",1440,200,179,193,215,228,224,201
"0023",1366,189,166,195,216,204,207,189
"0024",1497,196,188,231,244,217,222,199
"0025",1513,212,191,212,223,224,228,223
"0026",1485,182,167,245,207,249,217,218
"0027",1479,183,185,238,225,242,211,195
"0028",1424,193,173,227,195,202,224,210
"0029",1449,169,172,239,208,231,218,212
"0030",1573,190,188,235,254,249,237,220
"0031",1375,177,191,215,195,198,209,190
"0032",1428,190,171,207,239,233,212,176
"0033",1421,195,183,214,204,200,229,196
"0034",1560,193,196,234,241,226,237,233
"0035",1500,171,187,243,241,222,231,205
"0036",1487,203,157,228,207,217,252,223
"0037",1475,188,187,217,217,223,235,208
"0038",1446,202,172,207,225,209,225,206
"0039",1373,197,176,193,172,196,219,220
"0040",1478,173,199,229,221,227,203,226
"0041",1362,157,195,246,203,187,189,185
"0042",1431,196,200,218,199,206,223,189
"0043",1403,180,187,215,223,189,221,188
"0044",1479,197,214,199,241,224,206,198
"0045",1531,208,217,212,217,217,219,241
"0046",1354,176,186,221,179,193,206,193
"0047",1412,166,208,200,207,211,208,212
"0048",1466,179,210,197,225,232,220,203
"0049",1389,182,194,202,193,199,236,183
"0050",1478,192,180,238,221,217,215,215
"0051",1446,204,194,234,204,217,193,200
"0052",1404,207,176,179,234,217,198,193
"0053",1437,216,166,207,247,177,225,199
"0054",1383,192,182,211,195,192,206,205
"0055",1477,205,183,231,208,194,222,234
"0056",1351,167,171,207,197,217,185,207
"0057",1419,187,173,212,214,174,232,227
"0058",1476,200,189,203,223,228,229,204
"0059",1390,182,170,189,202,221,220,206
"0100",1717,237,210,203,279,279,261,248
"0101",1357,159,188,197,199,206,200,208
"0102",1444,184,187,203,213,241,214,202
"0103",1480,189,192,225,232,211,233,198
"0104",1499,223,191,238,229,204,216,198
"0105",1544,200,182,234,237,206,242,243
"0106",1460,192,192,217,200,210,234,215
"0107",1403,177,176,199,252,196,188,215
"0108",1353,178,175,186,198,223,181,212
"0109",1464,178,206,215,212,236,211,206
"0110",1561,199,168,245,226,254,230,239
"0111",1429,198,174,212,236,200,200,209
"0112",1458,201,195,205,235,207,225,190
"0113",1356,188,170,205,211,187,202,193
"0114",1418,186,178,214,192,226,239,183
"0115",1521,204,177,233,218,246,215,228
"0116",1364,192,182,194,218,168,200,210
"0117",1390,166,192,205,222,202,200,203
"0118",1412,210,160,209,209,218,212,194
"0119",1406,176,197,208,214,200,221,190
"0120",1563,191,212,243,222,233,252,210
"0121",1381,173,194,202,192,186,224,210
"0122",1440,171,192,197,217,226,223,214
"0123",1472,197,189,218,223,202,239,204
"0124",1439,194,191,218,197,214,224,201
"0125",1478,198,193,235,239,215,194,204
"0126",1497,207,182,225,245,222,207,209
"0127",1369,199,187,202,188,197,216,180
"0128",1413,172,165,212,212,217,243,192
"0129",1470,223,191,203,219,217,209,208
"0130",1561,203,200,231,237,219,235,236
"0131",1389,221,175,188,188,212,206,199
"0132",1337,174,139,181,228,224,204,187
"0133",1398,174,181,226,214,198,201,204
"0134",1411,180,185,191,250,199,233,173
"0135",1399,172,167,240,195,217,213,195
"0136",1412,184,184,180,219,225,210,210
"0137",1435,194,183,208,231,188,216,215
"0138",1357,194,166,193,202,186,189,227
"0139",1400,209,189,239,182,202,202,177
"0140",1542,230,192,231,228,231,211,219
"0141",1437,185,187,202,241,201,224,197
"0142",1377,177,161,218,211,181,239,190
"0143",1397,176,192,189,237,201,214,188
"0144",1424,173,184,221,226,200,207,213
"0145",1566,214,213,232,247,236,214,210
"0146",1402,207,171,200,209,227,194,194
"0147",1435,183,190,234,206,232,203,187
"0148",1473,194,207,202,211,202,240,217
"0149",1370,181,169,217,218,188,190,207
"0150",1479,211,186,218,217,205,214,228
"0151",1359,179,176,192,210,191,224,187
"0152",1386,171,188,196,189,208,218,216
"0153",1437,178,200,213,221,235,192,198
"0154",1324,145,198,210,174,198,206,193
"0155",1520,203,196,249,216,237,230,189
"0156",1385,187,202,170,195,211,233,187
"0157",1401,200,197,189,221,187,206,201
"0158",1427,185,198,168,194,240,227,215
"0159",1376,180,191,179,195,216,209,206
"0200",1578,205,203,238,255,238,238,201
"0201",1457,203,176,213,225,217,208,215
"0202",1443,191,190,207,218,213,219,205
"0203",1374,168,202,200,199,208,204,193
"0204",1326,190,167,187,207,198,163,214
"0205",1487,182,194,224,234,202,247,204
"0206",1433,207,174,210,207,200,209,226
"0207",1372,170,172,208,222,203,209,188
"0208",1422,182,180,216,213,207,228,196
"0209",1410,157,168,222,201,218,246,198
"0210",1497,197,208,194,225,217,238,218
"0211",1368,186,172,203,207,198,217,185
"0212",1374,217,163,216,193,212,167,206
"0213",1337,165,199,199,184,182,229,179
"0214",1337,181,179,189,197,198,208,185
"0215",1524,189,192,224,226,229,225,239
"0216",1397,190,181,213,193,184,235,201
"0217",1344,159,190,227,192,173,194,209
"0218",1374,167,173,218,204,207,203,202
"0219",1423,183,164,208,201,232,204,231
"0220",1542,195,228,241,224,221,205,228
"0221",1338,182,186,178,197,197,206,192
"0222",1366,173,193,238,190,196,182,194
"0223",1363,199,160,179,226,208,206,185
"0224",1377,177,178,214,224,171,207,206
"0225",1451,200,180,235,243,182,199,212
"0226",1457,186,204,210,191,208,245,213
"0227",1356,210,202,174,189,181,211,189
"0228",1315,183,155,203,178,214,187,195
"0229",1310,196,188,177,209,181,190,169
"0230",1567,215,235,201,243,241,209,223
"0231",1313,177,171,196,195,177,192,205
"0232",1434,215,205,207,197,212,178,220
"0233",1395,180,198,208,206,192,208,203
"0234",1495,186,187,225,231,206,245,215
"0235",1470,207,190,219,204,210,225,215
"0236",1441,192,169,215,239,233,196,197
"0237",1500,194,185,240,214,203,241,223
"0238",1397,169,180,220,220,217,182,209
"0239",1299,155,175,214,211,163,177,204
"0240",1493,212,201,207,211,232,230,200
"0241",1359,183,176,203,199,210,191,197
"0242",1432,187,182,203,228,196,222,214
"0243",1290,169,161,204,185,205,200,166
"0244",1401,172,175,204,227,201,218,204
"0245",1547,210,193,233,233,230,235,213
"0246",1390,192,176,226,201,190,199,206
"0247",1416,173,195,205,217,229,227,170
"0248",1432,209,184,225,210,199,212,193
"0249",1432,207,184,225,207,199,207,203
"0250",1530,211,208,228,233,223,224,203
"0251",1378,167,180,197,222,208,209,195
"0252",1397,191,201,197,194,214,194,206
"0253",1358,213,177,199,196,203,192,178
"0254",1339,159,172,218,210,163,218,199
"0255",1544,225,185,260,227,251,197,199
"0256",1341,184,171,212,202,178,208,186
"0257",1360,171,189,191,205,214,191,199
"0258",1388,175,207,211,200,195,206,194
"0259",1341,180,192,179,202,174,198,216
"0300",1550,198,200,248,226,240,233,205
"0301",1433,202,158,189,216,212,252,204
"0302",1428,166,193,209,221,210,203,226
"0303",1423,198,183,204,233,225,197,183
"0304",1360,186,175,205,212,173,203,206
"0305",1475,195,205,208,209,211,221,226
"0306",1442,187,201,199,223,202,210,220
"0307",1418,189,195,197,195,208,234,200
"0308",1378,174,192,193,203,213,189,214
"0309",1262,160,168,186,200,167,184,197
"0310",1461,218,191,197,197,210,248,200
"0311",1306,183,187,204,192,171,210,159
"0312",1342,204,168,184,205,188,201,192
"0313",1380,185,185,210,208,207,174,211
"0314",1373,172,165,205,217,208,219,187
"0315",1641,221,192,222,235,255,244,272
"0316",1387,176,214,195,219,200,189,194
"0317",1384,171,180,194,229,210,195,205
"0318",1352,195,172,179,208,204,214,180
"0319",1373,192,194,199,210,170,224,184
"0320",1564,209,209,258,230,224,224,210
"0321",1489,208,177,237,222,202,229,214
"0322",1356,178,166,203,190,214,214,191
"0323",1379,190,191,206,191,183,215,203
"0324",1461,192,200,232,231,216,174,216
"0325",1512,197,214,224,228,227,214,208
"0326",1468,195,217,201,213,218,194,230
"0327",1352,153,183,202,210,210,198,196
"0328",1407,185,196,197,233,192,195,209
"0329",1359,176,156,208,235,206,195,183
"0330",1585,225,184,252,243,254,234,193
"0331",1439,210,195,217,216,188,197,216
"0332",1420,173,182,221,202,225,230,187
"0333",1374,160,192,236,193,216,196,181
"0334",1314,184,177,195,192,193,191,182
"0335",1463,189,195,231,235,199,209,205
"0336",1393,198,183,229,197,198,191,197
"0337",1470,178,208,237,199,218,217,213
"0338",1464,206,199,196,215,215,229,204
"0339",1391,195,202,201,205,191,194,203
"0340",1444,202,187,209,215,227,223,181
"0341",1442,215,207,217,213,212,190,188
"0342",1378,184,198,206,189,226,205,170
"0343",1423,177,215,213,215,217,186,200
"0344",1380,177,176,200,187,224,226,190
"0345",1583,214,180,238,252,241,235,223
"0346",1331,174,195,187,191,209,194,181
"0347",1348,190,156,197,229,205,184,187
"0348",1425,196,199,211,201,227,192,199
"0349",1377,197,176,198,201,195,217,193
"0350",1501,203,193,210,218,229,233,215
"0351",1325,185,166,198,196,178,204,198
"0352",1415,193,193,223,202,198,212,194
"0353",1361,177,177,199,212,205,202,189
"0354",1393,196,179,197,207,219,228,167
"0355",1460,184,210,205,214,226,207,214
"0356",1407,176,198,211,194,208,223,197
"0357",1422,194,208,197,225,186,197,215
"0358",1426,179,224,209,232,179,207,196
"0359",1392,159,204,187,226,195,218,203
"0400",1650,207,261,229,250,234,255,214
"0401",1378,159,194,220,215,187,202,201
"0402",1325,166,182,198,192,212,204,171
"0403",1402,186,184,200,218,197,198,219
"0404",1419,175,216,192,219,223,217,177
"0405",1494,205,212,209,225,207,205,231
"0406",1385,172,181,211,208,210,201,202
"0407",1416,175,180,227,244,203,215,172
"0408",1354,177,190,199,209,176,209,194
"0409",1345,189,159,207,195,208,203,184
"0410",1435,201,199,195,222,223,211,184
"0411",1400,198,204,223,198,185,214,178
"0412",1441,190,200,214,195,215,240,187
"0413",1421,185,185,201,251,202,214,183
"0414",1360,180,161,219,218,187,217,178
"0415",1535,198,207,244,230,225,239,192
"0416",1434,174,199,218,232,193,207,211
"0417",1369,180,190,199,216,199,204,181
"0418",1405,202,185,218,219,189,206,186
"0419",1440,191,193,189,228,222,201,216
"0420",1511,224,182,199,208,229,231,238
"0421",1385,179,188,223,213,191,193,198
"0422",1407,186,208,214,210,195,208,186
"0423",1372,185,157,214,213,213,188,202
"0424",1420,178,213,213,191,207,201,217
"0425",1465,208,190,220,215,216,226,190
"0426",1380,202,203,203,194,192,202,184
"0427",1347,183,185,192,190,207,184,206
"0428",1395,197,187,202,220,191,192,206
"0429",1410,198,189,204,193,220,198,208
"0430",1567,223,220,211,220,246,224,223
"0431",1344,194,189,221,205,182,186,167
"0432",1474,218,193,226,211,210,204,212
"0433",1395,197,198,223,189,197,217,174
"0434",1444,180,197,208,190,251,218,200
"0435",1422,184,202,208,177,224,215,212
"0436",1383,211,173,194,222,209,194,180
"0437",1349,201,180,187,179,226,204,172
"0438",1400,175,211,215,205,212,194,188
"0439",1403,188,195,191,207,207,224,191
"0440",1477,183,209,230,246,206,223,180
"0441",1343,212,197,193,188,184,195,174
"0442",1426,194,204,221,194,215,215,183
"0443",1385,208,209,204,192,186,187,199
"0444",1370,196,185,209,172,203,209,196
"0445",1602,208,246,233,227,209,249,230
"0446",1410,188,200,196,202,214,223,187
"0447",1408,193,187,198,220,227,192,191
"0448",1440,212,197,202,225,188,201,215
"0449",1380,184,189,204,218,189,200,196
"0450",1523,198,194,241,214,236,201,239
"0451",1453,204,191,224,216,215,222,181
"0452",1442,203,185,204,203,202,251,194
"0453",1407,204,182,212,177,219,219,194
"0454",1351,181,170,192,209,224,195,180
"0455",1518,204,205,209,245,236,216,203
"0456",1343,181,189,202,205,191,184,191
"0457",1378,182,190,221,208,208,196,173
"0458",1426,185,208,200,223,203,228,179
"0459",1342,173,191,207,169,208,213,181
"0500",1602,212,220,241,243,231,232,223
"0501",1379,189,171,197,203,217,203,199
"0502",1414,205,176,208,197,212,222,194
"0503",1458,207,200,204,211,202,219,215
"0504",1391,187,180,183,218,201,210,212
"0505",1455,214,215,196,209,224,190,207
"0506",1392,175,198,213,200,202,191,213
"0507",1358,176,214,184,192,208,197,187
"0508",1456,196,186,208,216,226,212,212
"0509",1346,184,186,202,196,189,209,180
"0510",1516,199,182,194,257,244,213,227
"0511",1456,204,194,210,229,228,209,182
"0512",1437,195,197,205,213,228,196,203
"0513",1450,194,212,212,210,235,195,192
"0514",1378,187,188,205,211,203,196,188
"0515",1662,234,218,244,239,248,242,237
"0516",1399,180,196,188,213,197,233,192
"0517",1389,192,187,202,197,217,185,209
"0518",1429,204,186,206,225,187,234,187
"0519",1434,181,203,191,210,208,218,223
"0520",1495,210,190,223,222,224,231,195
"0521",1431,172,213,238,215,206,208,179
"0522",1458,184,223,194,207,232,212,206
"0523",1454,198,212,232,211,191,214,196
"0524",1445,191,198,224,211,210,189,222
"0525",1555,198,233,238,221,225,233,207
"0526",1395,213,186,193,200,197,200,206
"0527",1365,193,199,231,177,179,192,194
"0528",1489,192,220,216,224,204,221,212
"0529",1421,207,191,213,212,197,198,203
"0530",1744,239,248,253,237,274,278,215
"0531",1362,193,170,208,188,191,207,205
"0532",1408,187,204,193,202,202,227,193
"0533",1358,167,175,213,198,217,202,186
"0534",1451,169,180,218,214,224,236,210
"0535",1444,172,228,200,205,223,218,198
"0536",1480,200,234,199,219,202,234,192
"0537",1462,190,175,202,241,222,203,229
"0538",1421,198,184,181,225,201,232,200
"0539",1414,173,231,189,209,206,205,201
"0540",1518,217,207,232,228,217,222,195
"0541",1421,205,216,211,184,207,192,206
"0542",1478,192,214,223,214,213,217,205
"0543",1446,192,209,219,202,198,195,231
"0544",1472,201,213,249,219,194,174,222
"0545",1621,228,216,239,238,250,222,228
"0546",1377,185,188,222,198,188,190,206
"0547",1435,190,211,193,226,192,209,214
"0548",1424,183,203,195,233,193,219,198
"0549",1424,190,171,208,208,209,225,213
"0550",1596,206,234,207,259,230,235,225
"0551",1356,198,177,223,204,182,186,186
"0552",1420,180,182,210,226,216,204,202
"0553",1402,210,195,216,207,211,200,163
"0554",1484,207,202,198,250,232,204,191
"0555",1565,205,228,245,221,252,211,203
"0556",1477,190,196,187,249,225,228,202
"0557",1326,153,203,192,195,207,177,199
"0558",1440,177,204,225,251,198,194,191
"0559",1399,194,209,202,210,209,195,180
"0600",1628,198,209,250,257,250,235,229
"0601",1392,170,198,216,207,207,204,190
"0602",1494,187,197,226,212,217,237,218
"0603",1372,205,162,215,198,187,205,200
"0604",1443,204,210,200,203,229,210,187
"0605",1482,184,185,233,232,211,229,208
"0606",1424,185,211,217,203,218,207,183
"0607",1420,208,194,196,206,217,205,194
"0608",1442,184,199,225,222,229,208,175
"0609",1491,188,213,229,224,209,226,202
"0610",1548,218,212,209,239,219,236,215
"0611",1427,162,225,217,225,196,206,196
"0612",1485,206,210,200,227,212,227,203
"0613",1444,201,211,210,215,202,218,187
"0614",1594,205,224,243,214,230,224,254
"0615",1581,202,207,249,259,225,239,200
"0616",1488,188,212,192,243,218,218,217
"0617",1550,205,194,237,264,199,250,201
"0618",1472,180,215,231,203,228,211,204
"0619",1503,199,217,218,219,214,239,197
"0620",1699,235,239,281,227,239,238,240
"0621",1576,197,225,209,260,246,217,222
"0622",1469,194,213,213,219,221,221,188
"0623",1522,177,212,234,236,235,229,199
"0624",1550,191,232,226,234,216,213,238
"0625",1611,240,237,211,256,239,232,196
"0626",1520,191,209,218,213,228,219,242
"0627",1499,202,179,222,205,235,224,232
"0628",1489,198,204,206,246,222,211,202
"0629",1548,218,211,216,227,244,235,197
"0630",1738,197,245,253,273,268,254,248
"0631",1455,201,195,204,221,230,191,213
"0632",1512,208,225,237,232,204,206,200
"0633",1457,194,192,221,218,212,232,188
"0634",1556,177,223,250,252,224,247,183
"0635",1637,202,196,271,249,249,227,243
"0636",1547,186,234,241,234,227,231,194
"0637",1488,191,200,225,237,217,217,201
"0638",1442,180,206,235,221,201,207,192
"0639",1499,192,200,227,232,215,222,211
"0640",1630,191,207,244,266,224,262,236
"0641",1459,198,219,201,236,199,210,196
"0642",1547,202,230,232,210,210,264,199
"0643",1508,193,196,246,227,196,222,228
"0644",1498,179,208,237,229,214,201,230
"0645",1646,210,239,230,246,242,246,233
"0646",1530,205,224,220,242,203,229,207
"0647",1491,187,191,204,224,211,254,220
"0648",1549,206,203,214,265,216,231,214
"0649",1403,183,195,216,195,215,229,170
"0650",1613,197,243,226,232,244,243,228
"0651",1463,172,203,226,215,238,213,196
"0652",1511,195,204,222,225,233,226,206
"0653",1539,205,222,235,217,210,232,218
"0654",1498,191,218,237,227,220,202,203
"0655",1589,187,214,267,230,238,250,203
"0656",1482,169,211,235,229,238,209,191
"0657",1521,188,217,235,225,221,230,205
"0658",1542,197,233,231,247,220,218,196
"0659",1504,178,212,232,228,243,222,189
"0700",1730,201,262,248,256,273,256,234
"0701",1495,180,225,226,241,209,221,193
"0702",1511,182,226,206,230,222,253,192
"0703",1479,192,209,199,224,245,212,198
"0704",1460,184,213,221,218,209,221,194
"0705",1666,204,245,251,254,221,247,244
"0706",1582,175,225,266,251,221,238,206
"0707",1561,184,227,234,248,210,254,204
"0708",1602,196,233,245,246,233,245,204
"0709",1503,188,210,230,219,226,242,188
"0710",1685,226,248,231,257,234,282,207
"0711",1631,209,266,251,227,228,266,184
"0712",1577,170,227,281,238,226,248,187
"0713",1635,190,240,260,268,233,249,195
"0714",1719,173,260,279,297,265,260,185
"0715",1852,222,288,294,281,289,261,217
"0716",1660,211,245,280,245,252,245,182
"0717",1814,204,307,274,266,279,290,194
"0718",1753,195,274,286,295,266,256,181
"0719",1752,172,248,317,299,265,253,198
"0720",1958,213,301,319,332,290,298,205
"0721",1903,200,313,325,298,259,295,213
"0722",1914,202,299,276,316,293,318,210
"0723",1885,185,279,342,310,271,290,208
"0724",2005,214,337,325,313,322,313,181
"0725",2113,220,343,350,301,320,361,218
"0726",2048,203,341,336,304,323,336,205
"0727",2083,193,320,344,345,316,366,199
"0728",2059,179,327,336,299,329,360,229
"0729",2026,162,317,363,337,297,323,227
"0730",2396,214,374,421,389,366,412,220
"0731",2176,191,367,372,366,338,352,190
"0732",2245,208,393,352,364,334,371,223
"0733",2287,196,394,384,380,361,363,209
"0734",2366,222,417,377,384,370,393,203
"0735",2604,216,443,411,465,427,415,227
"0736",2444,213,457,411,390,344,408,221
"0737",2626,204,463,426,450,409,440,234
"0738",2601,208,464,440,425,404,445,215
"0739",2644,228,473,437,426,425,440,215
"0740",2949,211,507,508,510,489,490,234
"0741",2780,213,501,459,469,474,450,214
"0742",2912,182,530,507,458,482,525,228
"0743",3088,212,572,533,528,489,516,238
"0744",3198,207,582,575,513,524,561,236
"0745",3600,230,636,605,621,542,692,274
"0746",3270,238,598,576,513,518,589,238
"0747",3638,236,707,620,605,558,668,244
"0748",3578,200,650,631,622,579,687,209
"0749",3729,221,709,662,597,635,655,250
"0750",4052,253,792,735,628,656,751,237
"0751",4009,232,768,704,676,671,727,231
"0752",4180,224,781,783,694,674,774,250
"0753",4175,230,786,785,733,630,775,236
"0754",4550,245,904,853,748,713,825,262
"0755",4642,227,882,840,788,781,866,258
"0756",4698,253,872,854,772,781,876,290
"0757",4544,235,808,826,787,730,900,258
"0758",4867,252,904,905,849,802,883,272
"0759",4948,230,936,925,825,792,961,279
"0800",5339,250,1011,982,920,870,1015,291
"0801",4776,248,922,872,833,700,939,262
"0802",4939,240,1005,910,836,765,911,272
"0803",4840,237,890,881,824,824,919,265
"0804",4876,253,919,862,846,756,961,279
"0805",5059,277,1000,890,880,790,910,312
"0806",4808,243,909,866,806,803,918,263
"0807",4683,217,864,852,789,811,881,269
"0808",4644,217,923,830,746,784,876,268
"0809",4477,223,810,855,744,740,808,297
"0810",4656,258,859,852,809,769,805,304
"0811",4343,243,771,795,779,704,763,288
"0812",4317,244,833,743,690,709,842,256
"0813",4076,238,795,725,654,620,790,254
"0814",4141,218,780,767,692,670,760,254
"0815",4211,276,739,745,701,681,750,319
"0816",3997,240,733,691,675,665,703,290
"0817",3898,236,722,689,644,605,707,295
"0818",3746,235,728,619,653,603,631,277
"0819",3759,215,718,681,627,591,692,235
"0820",4038,277,770,692,707,603,691,298
"0821",3783,278,699,647,582,622,653,302
"0822",3672,241,669,633,606,619,643,261
"0823",3644,229,668,670,616,582,612,267
"0824",3681,251,671,657,558,601,650,293
"0825",3731,257,650,676,644,583,654,267
"0826",3658,285,671,634,614,540,616,298
"0827",3537,232,647,614,607,551,594,292
"0828",3360,249,610,563,545,562,550,281
"0829",3394,230,631,553,549,548,579,304
"0830",3783,279,674,621,601,602,657,349
"0831",3481,279,586,610,547,515,652,292
"0832",3414,247,618,580,551,546,579,293
"0833",3230,254,568,563,514,499,553,279
"0834",3293,221,588,574,503,538,578,291
"0835",3338,276,594,610,552,494,531,281
"0836",3278,237,595,535,550,486,593,282
"0837",3254,254,573,579,544,550,485,269
"0838",3217,280,551,542,517,489,514,324
"0839",3188,278,563,558,463,482,583,261
"0840",3305,258,552,545,560,511,556,323
"0841",3065,244,548,487,482,511,517,276
"0842",3008,256,510,502,452,501,496,291
"0843",2984,262,507,512,491,468,482,262
"0844",2999,251,526,496,445,482,527,272
"0845",3152,257,549,510,528,486,516,306
"0846",2993,251,500,482,462,491,499,308
"0847",2906,244,529,477,450,467,458,281
"0848",2981,252,492,524,458,488,454,313
"0849",2898,264,484,470,469,438,500,273
"0850",3047,244,516,544,474,501,496,272
"0851",2894,248,494,467,480,426,491,288
"0852",2859,270,473,490,438,467,451,270
"0853",2849,242,462,477,432,467,498,271
"0854",2863,236,468,474,412,481,477,315
"0855",2906,262,436,507,459,460,502,280
"0856",2874,242,478,484,466,446,460,298
"0857",2797,258,462,455,450,422,466,284
"0858",2739,259,455,440,449,420,444,272
"0859",2845,286,449,453,476,428,463,290
"0900",3027,281,497,492,491,451,520,295
"0901",2626,234,428,417,427,414,446,260
"0902",2845,267,471,470,453,456,444,284
"0903",2721,216,403,469,429,443,468,293
"0904",2700,239,433,476,439,427,431,255
"0905",2839,272,499,446,509,420,433,260
"0906",2696,244,410,454,446,437,446,259
"0907",2707,280,452,417,421,415,439,283
"0908",2726,258,452,452,420,432,412,300
"0909",2645,250,417,429,430,417,419,283
"0910",2811,284,466,470,450,412,419,310
"0911",2564,250,428,423,432,389,387,255
"0912",2694,269,441,465,422,392,418,287
"0913",2585,243,429,424,423,399,392,275
"0914",2635,242,408,414,422,464,407,278
"0915",2802,260,460,465,473,459,422,263
"0916",2781,293,447,447,433,441,441,279
"0917",2692,256,444,439,423,405,434,291
"0918",2661,259,468,425,406,445,379,279
"0919",2630,249,412,442,420,395,422,290
"0920",2737,267,466,434,444,402,443,281
"0921",2705,269,423,424,455,432,421,281
"0922",2717,243,453,445,407,409,469,291
"0923",2677,243,442,397,455,401,462,277
"0924",2753,239,442,471,430,413,460,298
"0925",2802,278,417,473,415,436,459,324
"0926",2693,251,450,448,430,407,437,270
"0927",2661,258,454,442,417,399,419,272
"0928",2657,257,385,446,408,381,475,305
"0929",2778,270,441,462,423,427,438,317
"0930",3025,285,495,450,495,456,497,347
"0931",2755,269,473,412,461,398,408,334
"0932",2910,298,468,457,492,444,460,291
"0933",2691,253,440,426,434,406,406,326
"0934",2691,263,418,434,422,391,443,320
"0935",2861,260,502,419,464,441,431,344
"0936",2779,262,449,434,425,435,446,328
"0937",2801,286,453,461,423,414,465,299
"0938",2776,271,445,453,462,423,420,302
"0939",2714,258,445,444,458,412,447,250
"0940",2969,316,453,519,449,416,485,331
"0941",2671,244,425,406,438,415,449,294
"0942",2707,249,412,466,452,401,408,319
"0943",2614,279,402,417,398,408,405,305
"0944",2682,297,420,417,413,396,435,304
"0945",2887,303,480,436,421,480,447,320
"0946",2689,252,437,430,411,407,460,292
"0947",2795,277,424,479,469,430,424,292
"0948",2770,279,466,458,419,426,421,301
"0949",2736,272,424,441,447,427,461,264
"0950",2838,304,429,452,454,424,469,306
"0951",2727,294,464,450,439,385,388,307
"0952",2716,263,429,469,470,394,406,285
"0953",2616,230,432,440,389,378,431,316
"0954",2704,269,462,426,445,392,422,288
"0955",2753,276,451,464,416,398,472,276
"0956",2693,282,443,438,418,422,422,268
"0957",2677,262,435,449,399,442,429,261
"0958",2653,250,419,420,429,387,435,313
"0959",2806,282,433,473,406,433,464,315
"1000",2911,303,432,489,442,460,469,316
"1001",2700,259,487,425,420,418,402,289
"1002",2793,282,398,480,445,411,463,314
"1003",2703,269,457,446,440,396,397,298
"1004",2685,259,428,423,439,388,438,310
"1005",2775,291,410,443,441,423,455,312
"1006",2667,249,426,414,456,382,455,285
"1007",2768,280,465,470,427,401,423,302
"1008",2803,300,432,435,418,457,446,315
"1009",2550,272,409,423,412,370,387,277
"1010",2934,279,463,474,460,459,482,317
"1011",2622,244,427,451,386,361,440,313
"1012",2722,283,452,446,429,399,433,280
"1013",2631,249,435,474,434,392,385,262
"1014",2683,269,421,446,438,385,431,293
"1015",2823,320,425,464,443,424,427,320
"1016",2595,273,456,427,407,373,377,282
"1017",2559,253,401,420,352,424,418,291
"1018",2661,280,444,404,404,396,414,319
"1019",2507,251,415,412,416,359,385,269
"1020",2757,292,424,431,461,414,444,291
"1021",2618,248,415,466,382,407,406,294
"1022",2630,275,444,443,385,386,409,288
"1023",2618,274,442,432,409,363,388,310
"1024",2679,277,417,420,442,399,446,278
"1025",2773,277,445,437,411,426,450,327
"1026",2554,241,399,450,417,381,360,306
"1027",2614,248,442,413,373,425,430,283
"1028",2588,251,424,442,367,392,400,312
"1029",2586,262,441,401,377,414,416,275
"1030",2923,325,472,469,446,427,474,310
"1031",2591,283,427,383,414,408,396,280
"1032",2623,276,440,435,387,394,397,294
"1033",2607,258,439,387,407,382,443,291
"1034",2575,290,406,427,382,385,399,286
"1035",2720,297,423,426,457,392,405,320
"1036",2591,289,434,421,391,362,388,306
"1037",2639,311,428,406,397,419,409,269
"1038",2587,257,421,432,375,425,383,294
"1039",2512,265,426,376,388,354,428,275
"1040",2736,295,439,449,386,418,451,298
"1041",2472,291,411,375,372,338,417,268
"1042",2595,256,391,436,419,404,389,300
"1043",2490,239,389,409,428,374,364,287
"1044",2548,258,412,397,384,400,408,289
"1045",2705,295,453,432,452,382,386,305
"1046",2516,272,405,380,403,367,401,288
"1047",2555,253,377,403,390,378,435,319
"1048",2515,250,421,405,387,354,423,275
"1049",2528,263,407,413,400,378,395,272
"1050",2627,312,390,423,405,377,444,276
"1051",2510,264,377,390,399,378,392,310
"1052",2454,268,373,398,393,361,407,254
"1053",2390,255,387,373,369,351,376,279
"1054",2536,275,410,400,346,392,431,282
"1055",2557,253,370,404,425,395,410,300
"1056",2507,268,368,414,393,380,393,291
"1057",2461,283,396,396,388,378,364,256
"1058",2536,265,400,385,409,390,395,292
"1059",2412,229,396,417,360,355,386,269
"1100",2706,272,424,435,435,422,383,335
"1101",2464,251,406,390,392,377,371,277
"1102",2453,251,389,406,388,395,372,252
"1103",2575,279,437,407,400,373,373,306
"1104",2423,219,402,382,391,344,402,283
"1105",2581,307,384,382,437,373,387,311
"1106",2420,254,369,387,396,356,364,294
"1107",2454,260,386,390,383,379,386,270
"1108",2543,271,389,420,424,381,381,277
"1109",2385,274,355,393,401,339,358,265
"1110",2537,287,425,397,359,375,408,286
"1111",2587,295,405,453,386,380,386,282
"1112",2428,255,392,386,364,384,372,275
"1113",2388,279,366,358,394,388,340,263
"1114",2460,270,370,413,369,379,377,282
"1115",2506,242,398,389,409,428,368,272
"1116",2391,241,381,380,385,364,368,272
"1117",2546,297,404,395,416,369,387,278
"1118",2454,290,383,418,356,341,380,286
"1119",2368,275,355,394,348,375,363,258
"1120",2581,267,421,386,410,401,423,273
"1121",2390,224,425,354,365,377,395,250
"1122",2428,262,385,381,388,372,364,276
"1123",2376,239,381,403,390,346,371,246
"1124",2433,287,362,408,367,362,376,271
"1125",2475,274,377,395,411,375,387,256
"1126",2329,241,349,379,384,353,341,282
"1127",2383,285,360,364,375,363,336,300
"1128",2487,245,416,412,393,383,376,262
"1129",2485,281,388,394,379,345,410,288
"1130",2623,271,440,397,414,393,401,307
"1131",2301,226,354,370,343,370,389,249
"1132",2403,295,399,332,381,344,402,250
"1133",2406,262,382,404,375,355,370,258
"1134",2458,234,402,394,411,382,367,268
"1135",2475,270,380,394,396,370,384,281
"1136",2473,273,393,418,362,346,395,286
"1137",2433,251,395,400,391,399,332,265
"1138",2396,261,377,368,386,360,357,287
"1139",2292,238,381,371,352,328,359,263
"1140",2519,276,401,391,384,391,382,294
"1141",2433,267,358,430,382,343,391,262
"1142",2306,270,360,392,353,330,356,245
"1143",2286,233,341,319,371,383,357,282
"1144",2454,257,417,349,392,362,377,300
"1145",2636,281,406,399,416,414,417,303
"1146",2348,265,354,372,351,346,393,267
"1147",2481,262,389,413,379,374,379,285
"1148",2381,261,363,372,371,376,366,272
"1149",2399,256,375,349,373,395,374,277
"1150",2549,267,443,420,377,378,404,260
"1151",2377,218,375,396,391,365,388,244
"1152",2453,267,369,391,411,411,338,266
"1153",2338,237,395,383,372,337,358,256
"1154",2419,287,379,372,369,379,380,253
"1155",2529,256,404,403,421,368,380,297
"1156",2446,226,410,422,385,367,375,261
"1157",2551,267,404,413,390,378,429,270
"1158",2345,253,379,366,391,343,396,217
"1159",2330,274,371,376,337,347,379,246
"1200",2685,273,418,387,427,404,474,302
"1201",2532,248,399,432,408,404,381,260
"1202",2520,254,416,403,396,372,399,280
"1203",2429,267,416,384,351,371,388,252
"1204",2598,287,418,452,400,377,384,280
"1205",2619,285,425,402,427,396,403,281
"1206",2523,249,408,425,396,385,387,273
"1207",2448,256,441,373,382,375,388,233
"1208",2526,274,421,414,397,394,387,239
"1209",2530,241,421,375,411,385,417,280
"1210",2817,275,480,454,446,428,424,310
"1211",2490,237,446,435,374,401,377,220
"1212",2692,244,428,461,422,424,430,283
"1213",2587,294,428,427,403,408,377,250
"1214",2670,250,463,447,401,434,406,269
"1215",2809,269,481,450,450,452,424,283
"1216",2628,256,439,419,408,417,435,254
"1217",2728,257,439,436,467,397,450,282
"1218",2801,254,491,455,445,450,429,277
"1219",2704,279,457,487,408,415,410,248
"1220",2958,270,509,478,497,455,466,283
"1221",2797,255,459,492,493,425,422,251
"1222",2940,260,541,482,478,454,467,258
"1223",3031,272,564,516,498,455,455,271
"1224",2960,265,497,496,480,468,498,256
"1225",3074,254,534,563,495,492,468,268
"1226",2987,250,509,470,482,477,503,296
"1227",3128,235,549,539,492,512,504,297
"1228",3069,239,597,516,502,477,466,272
"1229",3084,250,567,535,525,488,458,261
"1230",3412,295,559,595,536,554,556,317
"1231",3159,256,575,567,515,487,499,260
"1232",3076,286,536,509,478,482,512,273
"1233",3115,236,564,540,518,488,507,262
"1234",3202,251,575,582,512,513,489,280
"1235",3268,289,582,522,542,548,499,286
"1236",3113,256,544,531,521,517,487,257
"1237",2987,244,529,512,502,457,499,244
"1238",3160,242,550,556,543,536,509,224
"1239",3103,242,514,549,508,514,484,292
"1240",3231,249,540,544,537,556,557,248
"1241",3165,253,544,547,489,504,531,297
"1242",3117,241,578,527,518,477,521,255
"1243",3036,224,574,512,489,492,466,279
"1244",3148,253,571,549,531,489,494,261
"1245",3197,269,577,555,521,493,491,291
"1246",3099,250,552,544,476,509,499,269
"1247",3121,274,560,557,505,464,518,243
"1248",3103,271,559,530,494,496,474,279
"1249",3043,244,541,509,490,489,500,270
"1250",3212,269,589,516,520,522,508,288
"1251",3183,253,590,528,559,471,507,275
"1252",3174,254,584,546,506,535,464,285
"1253",3055,226,551,547,478,465,522,266
"1254",3176,253,524,548,530,527,511,283
"1255",3206,278,548,572,527,472,518,291
"1256",3116,231,556,554,525,495,488,267
"1257",3119,278,579,531,467,463,529,272
"1258",3043,264,534,537,470,494,471,273
"1259",3002,245,551,508,452,475,520,251
"1300",3321,254,598,587,513,549,548,272
"1301",2985,251,520,496,480,479,493,266
"1302",2968,237,509,550,501,446,487,238
"1303",2930,245,524,493,510,450,446,262
"1304",3024,219,567,482,490,534,496,236
"1305",3072,255,531,480,507,503,525,271
"1306",2880,231,471,476,445,495,502,260
"1307",2933,233,498,534,445,504,459,260
"1308",2958,248,499,514,471,468,479,279
"1309",2890,242,494,479,448,506,469,252
"1310",2950,226,551,533,461,451,461,267
"1311",2889,228,494,496,461,480,480,250
"1312",2802,229,478,478,479,442,450,246
"1313",2795,254,449,466,468,453,446,259
"1314",2796,232,452,483,468,458,466,237
"1315",2815,285,505,438,442,455,449,241
"1316",2752,232,478,446,486,416,454,240
"1317",2807,237,507,445,474,440,440,264
"1318",2721,265,463,432,451,404,458,248
"1319",2632,199,438,436,445,431,442,241
"1320",2760,235,458,435,463,445,464,260
"1321",2742,245,482,452,441,408,453,261
"1322",2616,248,432,398,440,404,436,258
"1323",2585,244,467,432,382,422,399,239
"1324",2655,250,455,429,416,437,423,245
"1325",2832,273,497,484,467,410,428,273
"1326",2548,244,421,451,408,395,388,241
"1327",2560,221,444,447,410,408,417,213
"1328",2546,254,432,402,406,412,403,237
"1329",2623,225,454,455,410,404,452,223
"1330",2849,252,484,466,423,462,498,264
"1331",2591,210,409,431,412,415,450,264
"1332",2560,232,457,399,398,429,399,246
"1333",2588,235,432,389,437,412,440,243
"1334",2541,272,436,387,402,379,408,257
"1335",2766,255,452,415,472,432,482,258
"1336",2583,215,420,450,427,385,412,274
"1337",2548,222,431,451,401,417,391,235
"1338",2475,239,411,412,382,387,399,245
"1339",2488,243,405,394,409,381,395,261
"1340",2606,255,410,458,433,402,410,238
"1341",2515,235,370,439,430,375,416,250
"1342",2488,224,376,409,436,372,418,253
"1343",2535,250,400,409,415,378,426,257
"1344",2522,243,435,398,419,381,410,236
"1345",2636,242,428,471,417,408,412,258
"1346",2531,238,394,422,444,372,404,257
"1347",2484,235,409,388,388,371,424,269
"1348",2365,257,395,386,346,379,377,225
"1349",2386,245,369,362,403,367,399,241
"1350",2543,246,434,406,394,373,439,251
"1351",2483,230,399,440,361,385,407,261
"1352",2429,236,373,373,373,396,422,256
"1353",2491,250,432,393,384,409,389,234
"1354",2370,233,425,360,353,361,394,244
"1355",2437,257,401,361,383,389,378,268
"1356",2353,211,365,429,369,350,387,242
"1357",2440,209,414,405,395,316,420,281
"1358",2484,237,425,385,401,384,424,228
"1359",2274,218,367,357,367,357,360,248
"1400",2679,283,430,393,435,426,456,256
"1401",2256,209,373,382,336,379,355,222
"1402",2486,247,413,397,399,356,423,251
"1403",2338,218,362,366,395,351,380,266
"1404",2390,239,386,384,380,376,394,231
"1405",2435,258,410,382,354,391,380,260
"1406",2399,237,397,378,363,387,363,274
"1407",2379,258,366,409,357,354,384,251
"1408",2425,230,374,357,420,372,407,265
"1409",2376,254,364,349,371,385,378,275
"1410",2463,246,408,397,380,387,404,241
"1411",2334,244,373,375,363,365,405,209
"1412",2388,231,360,401,383,354,416,243
"1413",2238,242,342,370,360,368,332,224
"1414",2492,251,431,417,381,347,392,273
"1415",2489,223,389,405,387,412,386,287
"1416",2321,219,403,380,360,350,347,262
"1417",2309,228,380,384,383,337,374,223
"1418",2338,235,407,377,338,379,356,246
"1419",2300,219,390,399,371,327,366,228
"1420",2446,270,404,393,398,366,385,230
"1421",2325,240,369,360,340,363,391,262
"1422",2399,249,398,370,385,369,388,240
"1423",2321,252,381,352,353,340,414,229
"1424",2347,254,369,348,361,373,383,259
"1425",2418,255,404,368,361,360,417,253
"1426",2281,232,385,390,320,368,345,241
"1427",2272,215,327,363,346,368,407,246
"1428",2346,249,356,366,355,387,402,231
"1429",2342,233,367,394,378,329,375,266
"1430",2523,273,399,403,361,394,419,274
"1431",2308,242,336,393,364,339,390,244
"1432",2305,238,374,374,354,358,363,244
"1433",2195,232,322,352,344,328,362,255
"1434",2277,237,366,355,340,364,366,249
"1435",2338,238,383,369,356,363,375,254
"1436",2356,239,361,394,366,350,397,249
"1437",2273,268,351,341,340,361,383,229
"1438",2245,244,356,346,356,343,342,258
"1439",2284,248,345,351,331,359,399,251
"1440",2345,258,347,370,351,359,389,271
"1441",2240,207,371,374,324,343,372,249
"1442",2308,267,355,315,385,361,363,262
"1443",2233,226,370,352,341,356,358,230
"1444",2157,206,349,345,337,327,352,241
"1445",2484,270,383,384,401,399,379,268
"1446",2227,233,324,344,388,336,363,239
"1447",2240,254,366,380,332,345,331,232
"1448",2184,223,351,341,333,335,354,247
"1449",2165,246,322,325,360,343,338,231
"1450",2337,238,350,352,379,383,365,270
"1451",2098,235,346,328,320,308,350,211
"1452",2248,229,370,370,372,290,394,223
"1453",2156,225,323,372,345,318,331,242
"1454",2217,228,366,320,359,350,349,245
"1455",2271,249,354,355,339,350,376,248
"1456",2106,223,328,348,336,294,356,221
"1457",2174,217,343,343,343,338,335,255
"1458",2183,237,341,342,336,337,358,232
"1459",2051,217,321,309,314,318,356,216
"1500",2361,237,362,383,333,384,378,284
"1501",2141,208,366,327,344,330,343,223
"1502",2097,237,367,292,285,342,352,222
"1503",2183,241,319,351,351,331,360,230
"1504",2125,223,355,330,318,315,334,250
"1505",2242,257,335,344,364,341,340,261
"1506",2107,213,293,353,350,330,333,235
"1507",2206,264,356,322,361,323,330,250
"1508",2196,231,339,335,390,313,363,225
"1509",2097,220,324,329,370,307,331,216
"1510",2242,242,356,331,339,346,369,259
"1511",2185,254,348,367,353,279,343,241
"1512",2128,218,355,355,330,292,348,230
"1513",2074,228,354,307,334,294,313,244
"1514",2054,229,313,309,304,307,347,245
"1515",2466,253,395,383,381,381,410,263
"1516",2076,226,348,322,298,305,333,244
"1517",2098,236,348,341,298,311,319,245
"1518",2073,224,351,308,319,292,348,231
"1519",2059,187,320,320,329,338,318,247
"1520",2145,230,324,336,342,349,316,248
"1521",2038,230,314,312,312,321,313,236
"1522",2059,240,323,336,326,279,325,230
"1523",2136,234,331,367,317,312,345,230
"1524",2214,244,354,347,313,335,355,266
"1525",2236,236,344,345,338,370,366,237
"1526",2169,220,357,374,322,307,359,230
"1527",2185,237,358,344,338,323,336,249
"1528",2057,228,358,282,295,327,330,237
"1529",2119,226,331,356,315,295,353,243
"1530",2316,248,386,347,331,334,383,287
"1531",2082,255,329,297,350,305,326,220
"1532",2078,233,334,325,314,325,309,238
"1533",2148,228,348,351,347,328,318,228
"1534",2181,245,343,351,324,335,326,257
"1535",2180,231,343,342,292,333,357,282
"1536",2048,206,319,299,327,312,346,239
"1537",2100,231,335,323,324,325,340,222
"1538",2109,237,318,344,326,317,322,245
"1539",2062,224,336,321,316,322,321,222
"1540",2145,265,310,338,328,322,324,258
"1541",2055,215,343,289,336,320,318,234
"1542",2110,209,333,322,349,298,346,253
"1543",2059,221,338,327,307,311,316,239
"1544",2113,210,323,345,363,316,331,225
"1545",2302,227,372,349,369,344,360,281
"1546",2086,215,312,311,348,329,337,234
"1547",2150,241,343,323,308,340,329,266
"1548",2128,242,329,317,324,303,349,264
"1549",2071,218,327,305,342,323,313,243
"1550",2171,234,325,322,316,365,361,248
"1551",2112,218,352,342,336,304,326,234
"1552",2068,228,342,308,296,327,313,254
"1553",2210,228,368,347,337,330,355,245
"1554",2038,229,321,291,325,291,324,257
"1555",2069,238,338,317,326,309,313,228
"1556",2099,195,354,343,293,320,359,235
"1557",2135,243,323,330,313,347,340,239
"1558",2021,229,319,305,340,308,300,220
"1559",2032,218,343,307,311,302,320,231
"1600",2371,243,355,398,355,359,382,279
"1601",2040,215,326,323,322,310,330,214
"1602",2035,227,350,315,306,304,308,225
"1603",2109,240,335,336,320,308,350,220
"1604",2232,234,362,342,322,358,366,248
"1605",2082,238,320,319,306,337,321,241
"1606",2085,222,303,351,314,313,327,255
"1607",2101,227,347,309,298,335,336,249
"1608",2082,249,313,321,338,289,338,234
"1609",2030,226,297,312,325,327,306,237
"1610",2107,239,311,306,325,352,338,236
"1611",2057,227,339,314,302,316,316,243
"1612",2063,238,329,322,318,302,300,254
"1613",2045,231,313,319,338,298,320,226
"1614",2048,214,325,343,316,310,310,230
"1615",2272,259,339,334,348,396,341,255
"1616",2137,228,342,343,332,306,351,235
"1617",2136,247,346,386,313,282,346,216
"1618",2129,212,330,338,337,313,342,257
"1619",2067,232,317,317,286,321,335,259
"1620",2196,226,366,361,333,331,350,229
"1621",2056,221,353,313,288,324,324,233
"1622",1989,219,293,318,314,303,304,238
"1623",2086,205,312,330,331,331,340,237
"1624",2153,248,332,334,308,348,353,230
"1625",2178,221,352,311,334,332,330,298
"1626",2199,222,354,328,330,355,371,239
"1627",2132,237,340,348,289,341,338,239
"1628",2095,240,332,317,338,327,324,217
"1629",2069,208,354,308,327,307,324,241
"1630",2335,243,387,361,387,353,373,231
"1631",2043,208,347,343,280,328,317,220
"1632",2089,214,300,345,319,349,317,245
"1633",2138,222,295,341,330,335,365,250
"1634",2192,221,328,350,366,349,330,248
"1635",2101,223,353,298,373,329,302,223
"1636",2104,209,334,326,343,328,336,228
"1637",2098,213,356,325,328,335,313,228
"1638",2044,227,300,338,310,355,294,220
"1639",2108,215,331,322,315,329,341,255
"1640",2224,226,383,381,322,332,333,247
"1641",2116,227,330,329,314,340,328,248
"1642",2051,203,323,336,330,327,295,237
"1643",2098,212,338,336,315,304,341,252
"1644",2249,243,354,343,363,355,354,237
"1645",2275,241,364,372,340,348,346,264
"1646",2092,237,319,345,335,320,329,207
"1647",2156,237,330,339,344,349,342,215
"1648",2189,212,359,376,344,340,326,232
"1649",2047,198,343,328,296,333,333,216
"1650",2306,251,359,381,334,363,369,249
"1651",2078,223,338,343,317,314,329,214
"1652",2078,213,351,331,307,339,322,215
"1653",2038,223,311,339,317,325,329,194
"1654",2132,223,345,347,333,336,321,227
"1655",2261,223,387,332,365,352,358,244
"1656",2071,232,345,323,300,312,301,258
"1657",2151,214,373,356,334,327,316,231
"1658",2104,200,336,313,345,346,333,231
"1659",2030,191,324,338,323,308,339,207
"1700",2397,254,402,391,375,356,342,277
"1701",2057,204,303,351,327,321,325,226
"1702",2102,211,355,343,332,330,319,212
"1703",2098,205,339,366,316,349,300,223
"1704",2143,213,367,314,309,366,352,222
"1705",2275,222,365,362,386,365,349,226
"1706",2053,173,341,339,306,354,328,212
"1707",2117,210,367,321,343,304,347,225
"1708",2179,227,378,329,371,317,332,225
"1709",2113,220,347,359,350,316,321,200
"1710",2199,227,355,371,336,343,309,258
"1711",2144,222,338,338,345,336,334,231
"1712",2125,236,343,342,345,316,316,227
"1713",2075,222,348,320,311,330,307,237
"1714",2053,209,362,319,322,300,322,219
"1715",2382,237,414,358,365,344,395,269
"1716",2036,192,322,306,334,306,354,222
"1717",2197,235,346,353,380,334,321,228
"1718",2110,227,313,338,330,374,313,215
"1719",2101,211,382,337,321,314,321,215
"1720",2237,251,356,345,315,377,359,234
"1721",2101,207,344,332,352,312,331,223
"1722",2142,222,371,351,305,327,323,243
"1723",2069,231,330,320,326,305,322,235
"1724",2149,189,342,342,360,335,348,233
"1725",2220,225,371,381,362,333,327,221
"1726",2159,206,372,348,349,321,310,253
"1727",2162,232,366,340,324,331,310,259
"1728",2132,231,356,347,347,348,296,207
"1729",2134,198,326,381,337,349,315,228
"1730",2397,244,408,393,346,363,381,262
"1731",2134,224,371,343,331,324,328,213
"1732",2137,234,356,359,303,343,318,224
"1733",2088,205,339,345,335,313,310,241
"1734",2157,212,327,360,372,345,334,207
"1735",2226,209,367,370,367,341,346,226
"1736",2138,235,373,370,316,342,292,210
"1737",2174,240,354,346,328,345,308,253
"1738",2192,199,351,369,350,379,324,220
"1739",2227,249,380,326,376,351,328,217
"1740",2216,205,379,354,356,370,324,228
"1741",2140,228,321,370,368,351,292,210
"1742",2117,192,343,357,357,342,303,223
"1743",2125,219,358,313,343,332,317,243
"1744",2161,218,369,368,334,333,314,225
"1745",2409,246,410,360,392,374,349,278
"1746",2192,206,365,364,347,332,329,249
"1747",2217,202,351,391,337,349,341,246
"1748",2136,222,392,344,318,325,312,223
"1749",2126,222,350,349,335,332,316,222
"1750",2233,216,373,371,353,367,317,236
"1751",2008,204,342,310,359,300,292,201
"1752",2156,225,374,340,313,333,339,232
"1753",2081,218,330,331,324,335,302,241
"1754",2119,228,335,358,337,307,328,226
"1755",2200,204,383,365,342,362,313,231
"1756",2063,208,333,312,325,347,316,222
"1757",2089,192,369,341,314,312,294,267
"1758",2125,232,375,354,340,328,288,208
"1759",2060,206,342,328,298,344,318,224
"1800",2432,257,382,386,389,400,369,249
"1801",2107,223,340,353,326,352,292,221
"1802",2155,218,350,339,377,321,331,219
"1803",2085,208,346,342,315,322,325,227
"1804",2085,216,358,338,311,328,308,226
"1805",2133,222,376,334,346,329,291,235
"1806",2112,226,350,323,333,351,298,231
"1807",2035,219,313,328,343,340,262,230
"1808",2059,210,344,312,331,344,285,233
"1809",1988,244,311,298,309,306,308,212
"1810",2157,210,360,365,354,347,291,230
"1811",2065,212,342,339,332,324,314,202
"1812",2077,200,328,337,318,360,281,253
"1813",2007,189,328,318,319,340,302,211
"1814",2109,197,349,354,319,348,329,213
"1815",2167,212,331,345,357,322,336,264
"1816",2026,192,356,329,321,297,312,219
"1817",2083,219,339,354,329,330,268,244
"1818",2037,221,321,316,318,320,294,247
"1819",1964,227,347,298,311,325,283,173
"1820",2156,213,339,350,345,350,317,242
"1821",1982,201,305,311,333,327,286,219
"1822",2046,227,322,312,355,308,306,216
"1823",1992,203,332,321,306,313,284,233
"1824",2035,204,307,307,339,351,318,209
"1825",2094,226,343,322,324,361,287,231
"1826",2036,200,323,330,330,307,317,229
"1827",1972,202,321,307,307,287,283,265
"1828",2006,212,345,327,295,306,324,197
"1829",1909,187,311,320,294,308,278,211
"1830",2188,238,369,359,319,344,321,238
"1831",1994,217,308,312,303,347,296,211
"1832",1915,212,311,324,277,283,289,219
"1833",1848,198,278,296,290,298,285,203
"1834",2015,203,361,322,304,303,314,208
"1835",1956,196,294,325,318,303,300,220
"1836",2047,241,351,340,296,314,286,219
"1837",1947,220,324,281,299,315,276,232
"1838",2000,220,325,306,322,313,288,226
"1839",1947,216,325,286,294,303,278,245
"1840",2027,205,338,339,297,344,282,222
"1841",1902,215,332,294,306,292,293,170
"1842",1896,202,282,320,312,303,271,206
"1843",1938,218,345,288,291,302,286,208
"1844",1929,213,313,290,293,329,280,211
"1845",2090,219,344,307,318,350,302,250
"1846",1894,193,320,285,304,290,282,220
"1847",1834,180,295,282,291,305,268,213
"1848",1815,203,326,260,259,303,265,199
"1849",1864,174,316,318,290,302,280,184
"1850",1989,231,316,297,314,306,298,227
"1851",1805,183,289,292,261,297,284,199
"1852",1892,191,284,314,327,293,256,227
"1853",1814,201,298,304,280,271,259,201
"1854",1787,181,302,298,290,283,245,188
"1855",2001,196,333,314,336,316,285,221
"1856",1830,168,307,301,281,301,249,223
"1857",1803,203,330,248,282,290,262,188
"1858",1804,164,306,304,281,301,228,220
"1859",1772,179,300,272,281,280,278,182
"1900",1982,218,330,330,276,302,291,235
"1901",1784,205,300,252,268,301,276,182
"1902",1873,201,292,288,306,295,286,205
"1903",1810,218,276,294,254,288,272,208
"1904",1779,191,298,298,259,299,245,189
"1905",1785,219,296,266,261,306,257,180
"1906",1797,179,305,290,270,275,287,191
"1907",1837,198,296,321,272,280,255,215
"1908",1798,197,305,294,288,269,250,195
"1909",1729,177,280,269,278,267,250,208
"1910",1826,183,308,287,316,263,268,201
"1911",1784,196,286,294,250,288,262,208
"1912",1808,192,303,255,287,288,270,213
"1913",1762,209,307,278,247,268,273,180
"1914",1718,198,252,286,251,254,233,244
"1915",1753,202,278,270,273,273,266,191
"1916",1728,182,289,258,267,284,243,205
"1917",1702,195,268,283,258,260,265,173
"1918",1713,193,258,275,261,269,274,183
"1919",1732,185,277,265,276,261,272,196
"1920",1837,198,313,289,280,286,260,211
"1921",1722,187,265,281,243,271,255,220
"1922",1718,210,263,281,268,265,246,185
"1923",1682,182,292,279,232,276,226,195
"1924",1751,197,260,301,269,283,240,201
"1925",1673,164,270,247,276,254,270,192
"1926",1694,205,293,228,267,265,237,199
"1927",1666,194,266,254,275,257,210,210
"1928",1733,190,254,269,282,274,248,216
"1929",1687,198,273,263,260,256,237,200
"1930",1927,224,309,287,282,335,244,246
"1931",1665,197,267,255,251,256,246,193
"1932",1786,203,307,281,276,241,253,225
"1933",1693,167,273,282,258,264,232,217
"1934",1739,185,262,289,262,267,246,228
"1935",1772,206,289,282,272,265,254,204
"1936",1742,208,263,270,280,282,220,219
"1937",1706,175,255,292,247,274,284,179
"1938",1677,201,265,274,256,271,234,176
"1939",1742,177,309,256,276,240,251,233
"1940",1865,178,324,293,282,277,261,250
"1941",1735,171,252,297,287,275,262,191
"1942",1725,210,265,286,247,255,261,201
"1943",1723,196,270,261,242,258,255,241
"1944",1763,189,289,269,277,283,246,210
"1945",1856,187,289,290,297,292,291,210
"1946",1770,213,258,241,293,277,278,210
"1947",1797,190,279,301,298,274,258,197
"1948",1810,211,278,308,277,255,289,192
"1949",1744,183,288,275,294,243,272,189
"1950",1943,207,322,336,291,291,267,229
"1951",1788,220,281,259,270,295,260,203
"1952",1807,199,284,258,289,273,286,218
"1953",1771,215,308,266,235,277,256,214
"1954",1810,178,309,268,283,295,253,224
"1955",1812,184,286,290,274,287,289,202
"1956",1752,228,264,272,258,261,247,222
"1957",1827,188,305,298,267,290,269,210
"1958",1843,206,298,273,291,275,277,223
"1959",1844,193,308,315,276,266,278,208
"2000",1914,230,329,295,310,273,273,204
"2001",1690,187,274,267,269,265,252,176
"2002",1874,251,269,322,276,308,257,191
"2003",1767,212,295,287,274,258,248,193
"2004",1759,192,261,291,310,245,256,204
"2005",1864,220,298,302,316,279,244,205
"2006",1779,208,290,263,278,297,242,201
"2007",1763,189,280,275,261,291,256,211
"2008",1868,184,320,293,289,292,264,226
"2009",1737,201,282,239,246,299,268,202
"2010",1982,228,312,328,302,311,284,217
"2011",1783,205,285,270,273,265,271,214
"2012",1868,186,272,283,310,298,289,230
"2013",1809,198,286,288,280,281,271,205
"2014",1946,232,317,301,300,284,291,221
"2015",1767,190,278,279,277,276,248,219
"2016",1819,196,284,300,318,243,280,198
"2017",1809,190,255,305,281,298,275,205
"2018",1781,198,304,273,267,275,250,214
"2019",1761,211,245,257,288,284,272,204
"2020",1949,219,326,312,282,302,278,230
"2021",1755,226,271,269,279,253,268,189
"2022",1763,224,298,260,254,274,255,198
"2023",1776,185,293,296,263,277,257,205
"2024",1847,228,280,275,280,306,271,207
"2025",1835,212,267,289,249,297,271,250
"2026",1830,201,279,314,282,283,268,203
"2027",1710,197,254,272,263,277,243,204
"2028",1847,233,269,277,298,304,254,212
"2029",1805,196,282,288,244,285,287,223
"2030",1882,227,285,289,287,287,299,208
"2031",1767,210,261,271,281,271,267,206
"2032",1818,235,275,280,263,296,262,207
"2033",1758,188,286,278,280,258,246,222
"2034",1869,187,318,298,287,265,282,232
"2035",1781,182,288,280,257,269,278,227
"2036",1843,205,326,309,264,282,261,196
"2037",1798,217,274,275,291,303,238,200
"2038",1827,180,303,282,284,285,270,223
"2039",1810,155,272,303,265,308,274,233
"2040",1900,201,297,315,296,282,270,239
"2041",1663,202,270,267,261,240,244,179
"2042",1669,186,259,261,272,265,242,184
"2043",1798,181,270,285,297,274,279,212
"2044",1714,205,260,262,254,261,272,200
"2045",1847,233,287,293,274,278,278,204
"2046",1660,210,267,245,270,229,242,197
"2047",1772,223,274,282,280,262,249,202
"2048",1764,217,278,271,275,279,261,183
"2049",1698,217,243,281,261,264,208,224
"2050",1822,235,321,263,266,265,251,221
"2051",1686,181,309,288,228,262,238,180
"2052",1707,191,266,278,243,265,257,207
"2053",1739,205,252,284,265,276,251,206
"2054",1842,226,280,258,287,281,304,206
"2055",1769,197,288,262,280,271,260,211
"2056",1814,195,297,289,276,272,281,204
"2057",1700,181,275,285,272,270,240,177
"2058",1703,197,254,287,250,272,264,179
"2059",1660,204,253,249,255,251,225,223
"2100",1877,205,308,309,279,296,260,220
"2101",1803,242,264,304,258,276,242,217
"2102",1716,207,262,290,254,283,219,201
"2103",1625,186,253,263,281,248,206,188
"2104",1721,210,266,260,301,249,270,165
"2105",1763,199,295,253,279,292,250,195
"2106",1728,184,273,264,278,261,250,218
"2107",1712,174,275,267,258,287,257,194
"2108",1730,213,258,282,246,268,246,217
"2109",1765,217,262,271,282,266,275,192
"2110",1737,211,282,265,265,249,262,203
"2111",1686,205,245,269,248,269,256,194
"2112",1786,205,263,246,327,275,252,218
"2113",1733,203,294,242,259,273,261,201
"2114",1699,168,265,268,257,261,260,220
"2115",1775,192,248,273,293,273,274,222
"2116",1635,197,249,244,260,240,263,182
"2117",1758,210,296,271,280,256,260,185
"2118",1670,210,268,236,267,275,217,197
"2119",1681,198,226,263,253,265,261,215
"2120",1830,222,280,280,301,295,243,209
"2121",1683,200,263,253,222,283,277,185
"2122",1713,181,282,274,273,256,246,201
"2123",1623,186,256,257,272,204,227,221
"2124",1691,187,256,252,266,273,257,200
"2125",1707,194,281,265,259,263,258,187
"2126",1659,209,259,270,244,236,269,172
"2127",1795,210,284,283,271,272,256,219
"2128",1652,207,263,266,241,222,272,181
"2129",1642,208,248,251,252,268,224,191
"2130",1898,214,309,287,305,282,257,244
"2131",1631,204,259,253,232,242,243,198
"2132",1580,193,268,244,222,265,215,173
"2133",1671,196,254,266,250,264,243,198
"2134",1689,185,272,233,280,268,250,201
"2135",1719,186,283,261,260,271,248,210
"2136",1652,193,246,264,255,246,238,210
"2137",1668,212,279,217,260,256,232,212
"2138",1632,170,239,266,242,289,255,171
"2139",1600,183,236,243,261,273,238,166
"2140",1774,205,276,280,260,261,249,243
"2141",1644,192,231,266,244,254,263,194
"2142",1601,197,264,264,252,231,212,181
"2143",1614,217,252,246,250,256,223,170
"2144",1647,203,262,248,260,273,233,168
"2145",1865,192,304,312,310,286,269,192
"2146",1626,189,259,273,283,223,233,166
"2147",1686,197,241,320,252,261,234,181
"2148",1643,181,260,282,262,245,224,189
"2149",1632,209,269,248,237,271,220,178
"2150",1756,201,257,259,279,263,286,211
"2151",1565,173,242,253,243,239,229,186
"2152",1725,208,238,267,265,279,255,213
"2153",1690,197,280,238,263,244,245,223
"2154",1648,189,248,235,247,257,270,202
"2155",1695,211,243,255,277,248,252,209
"2156",1666,191,263,247,286,249,228,202
"2157",1623,188,257,245,252,260,226,195
"2158",1690,212,258,249,245,268,246,212
"2159",1636,200,261,256,244,253,224,198
"2200",1832,223,266,299,295,277,272,200
"2201",1520,204,243,206,235,247,198,187
"2202",1718,189,240,237,265,302,267,218
"2203",1631,216,263,232,252,244,220,204
"2204",1705,217,271,278,268,240,256,175
"2205",1695,196,310,239,240,268,231,211
"2206",1684,209,279,247,266,255,233,195
"2207",1567,198,254,230,230,243,215,197
"2208",1643,195,248,265,232,273,253,177
"2209",1623,199,226,259,235,248,243,213
"2210",1765,189,297,261,297,262,256,203
"2211",1571,179,238,244,256,223,238,193
"2212",1640,189,244,240,249,263,236,219
"2213",1535,187,240,238,250,232,202,186
"2214",1557,183,252,229,243,240,222,188
"2215",1803,227,284,251,313,277,234,217
"2216",1572,188,236,246,214,249,239,200
"2217",1632,185,277,249,237,252,243,189
"2218",1554,192,243,236,249,224,219,191
"2219",1631,188,256,280,213,273,227,194
"2220",1686,183,295,241,267,263,247,190
"2221",1548,167,242,238,253,237,218,193
"2222",1680,196,265,257,249,263,257,193
"2223",1643,188,256,235,240,254,248,222
"2224",1637,190,239,265,257,284,224,178
"2225",1615,199,249,232,254,244,224,213
"2226",1599,181,254,259,233,234,239,199
"2227",1576,185,279,248,205,236,237,186
"2228",1641,195,255,244,234,245,251,217
"2229",1597,174,253,258,252,231,235,194
"2230",1796,239,270,261,268,280,251,227
"2231",1574,190,241,234,220,261,237,191
"2232",1603,209,235,256,257,203,241,202
"2233",1537,190,214,218,271,216,219,209
"2234",1612,236,216,236,250,236,244,194
"2235",1696,190,248,272,257,240,264,225
"2236",1597,202,236,235,230,257,230,207
"2237",1602,204,240,229,243,243,240,203
"2238",1624,191,242,274,245,223,249,200
"2239",1532,180,225,244,233,244,222,184
"2240",1680,214,232,264,264,260,244,202
"2241",1625,184,255,266,252,245,225,198
"2242",1574,194,250,237,242,253,227,171
"2243",1616,196,239,225,252,260,238,206
"2244",1614,197,225,267,285,233,219,188
"2245",1818,234,276,291,248,288,256,225
"2246",1537,185,237,227,213,231,260,184
"2247",1580,211,252,216,230,234,224,213
"2248",1662,211,267,239,253,242,232,218
"2249",1579,219,224,254,235,237,221,189
"2250",1630,195,244,245,251,247,238,210
"2251",1462,174,225,210,245,235,204,169
"2252",1682,191,260,248,257,249,240,237
"2253",1561,223,242,230,206,248,217,195
"2254",1575,184,243,225,245,268,210,200
"2255",1602,207,252,224,254,261,224,180
"2256",1590,209,246,240,220,262,215,198
"2257",1591,217,223,246,237,238,225,205
"2258",1590,207,236,253,259,219,234,182
"2259",1581,214,236,258,247,240,179,207
"2300",1830,241,271,273,256,320,255,214
"2301",1515,201,210,211,253,223,227,190
"2302",1526,182,220,237,256,222,226,183
"2303",1511,169,227,243,220,228,249,175
"2304",1597,202,242,242,228,239,225,219
"2305",1596,188,240,238,264,220,239,207
"2306",1527,182,243,227,222,222,227,204
"2307",1577,187,241,236,248,225,240,200
"2308",1517,172,224,241,232,241,241,166
"2309",1443,181,230,211,227,222,213,159
"2310",1549,206,226,248,211,235,223,200
"2311",1582,184,220,249,238,235,275,181
"2312",1528,190,233,236,221,204,250,194
"2313",1541,207,223,234,217,244,227,189
"2314",1516,188,204,223,218,248,240,195
"2315",1674,185,230,268,265,274,269,183
"2316",1485,167,236,221,228,219,222,192
"2317",1486,182,230,223,218,236,219,178
"2318",1552,182,226,218,254,248,232,192
"2319",1539,183,240,239,196,233,239,209
"2320",1596,217,247,240,252,234,202,204
"2321",1462,203,214,215,210,211,206,203
"2322",1514,157,250,247,223,218,232,187
"2323",1569,168,258,224,230,246,250,193
"2324",1546,199,239,249,253,224,204,178
"2325",1642,186,244,274,258,234,245,201
"2326",1546,199,222,216,231,242,225,211
"2327",1399,160,211,232,223,206,190,177
"2328",1466,161,213,239,232,239,190,192
"2329",1523,195,214,212,241,227,234,200
"2330",1647,217,242,232,266,247,249,194
"2331",1535,200,236,236,233,227,211,192
"2332",1473,180,214,226,231,197,228,197
"2333",1581,203,246,252,248,191,234,207
"2334",1425,175,208,213,224,199,211,195
"2335",1547,195,227,218,216,230,246,215
"2336",1523,180,239,241,216,221,217,209
"2337",1515,178,250,235,220,219,220,193
"2338",1507,175,223,236,230,240,207,196
"2339",1505,168,196,223,244,244,218,212
"2340",1589,194,241,266,231,222,239,196
"2341",1428,171,226,233,215,208,195,180
"2342",1570,207,206,250,211,237,265,194
"2343",1576,208,218,220,234,245,244,207
"2344",1544,186,249,232,228,228,216,205
"2345",1629,183,261,260,244,248,224,209
"2346",1472,181,210,215,237,247,209,173
"2347",1504,208,228,260,205,216,182,205
"2348",1493,181,228,238,223,236,223,164
"2349",1474,196,222,225,219,212,216,184
"2350",1609,200,274,235,246,224,225,205
"2351",1460,191,224,215,229,204,202,195
"2352",1419,190,237,220,201,198,197,176
"2353",1538,206,233,213,226,249,224,187
"2354",1541,186,222,251,220,221,215,226
"2355",1525,183,221,252,228,217,226,198
"2356",1472,200,209,225,207,207,226,198
"2357",1449,192,225,209,206,191,205,221
"2358",1474,213,237,200,204,232,195,193
"2359",1597,185,248,243,257,210,246,208
